{"name":"Template - SharePoint List","description":"","version":"1.0","culture":"en-US","modifiedTime":"2021-12-14T14:47:15.255353+00:00","pbi:mashup":{"fastCombine":false,"allowNativeQueries":false,"skipAutomaticHeaderAndTypeDetection":false,"queriesMetadata":{"SharePoint List":{"queryId":"daebe52a-8489-4cff-b004-028235910815","queryName":"SharePoint List","loadEnabled":true},"SP_Url":{"queryId":"33d5f941-e21a-4016-8c48-8da76bc1dbb7","queryName":"SP_Url","queryGroupId":"d7f8e631-71cd-42d5-90a0-da59ee74d1db"},"SP_List":{"queryId":"eb715be7-fb93-4968-86c0-4fd3c60d65ae","queryName":"SP_List","queryGroupId":"d7f8e631-71cd-42d5-90a0-da59ee74d1db"}},"document":"section Section1;\r\nshared #\"SharePoint List\" = let\r\n  ListParts = List.RemoveItems(Text.Split(SP_List, \"/\"), {\"\"}),\r\n  SP_Title = Text.Replace(ListParts{List.Count(ListParts) - 2}, \"%20\", \" \"),\r\n  Source = SharePoint.Tables(SP_Url, [Implementation=\"2.0\", ViewMode=\"All\"]),\r\n  data = Source{[Title = SP_Title]}[Items]\r\nin\r\n  data;\r\nshared SP_Url = let\r\n  SP_Url = \"https://beazley.sharepoint.com/sites/SolidOpsPBI-DEV2\" meta [IsParameterQuery = true, IsParameterQueryRequired = true, Type = type text]\r\nin\r\n  SP_Url;\r\nshared SP_List = let\r\n  SP_List = \"https://beazley.sharepoint.com/sites/SolidOpsPBI-DEV2/Lists/List sample/AllItems.aspx\" meta [IsParameterQuery = true, IsParameterQueryRequired = true, Type = type text]\r\nin\r\n  SP_List;\r\n"},"annotations":[{"name":"pbi:QueryGroups","value":"[{\"id\":\"d7f8e631-71cd-42d5-90a0-da59ee74d1db\",\"name\":\"Parameters\",\"description\":\"\",\"parentId\":null,\"order\":0}]"}],"entities":[{"$type":"LocalEntity","name":"SharePoint List","description":"","pbi:refreshPolicy":{"$type":"FullRefreshPolicy","location":"SharePoint%20List.csv"},"attributes":[{"name":"Title","dataType":"string"},{"name":"Requested on2","dataType":"double"},{"name":"Requested on3","dataType":"double"},{"name":"Requested on4","dataType":"double"},{"name":"Requested on5","dataType":"double"},{"name":"Requested on6","dataType":"double"},{"name":"Requested on7","dataType":"double"},{"name":"Requested on8","dataType":"double"},{"name":"Requested on9","dataType":"double"},{"name":"Requested on10","dataType":"double"},{"name":"Requested on11","dataType":"double"},{"name":"Requested on12","dataType":"double"},{"name":"Requested on13","dataType":"double"},{"name":"Requested on14","dataType":"double"},{"name":"Requested on15","dataType":"double"},{"name":"Requested on16","dataType":"double"},{"name":"ID","dataType":"int64"},{"name":"Content Type","dataType":"string"},{"name":"Modified","dataType":"dateTime"},{"name":"Created","dataType":"dateTime"},{"name":"Created By","dataType":"string"},{"name":"Modified By","dataType":"string"},{"name":"Version","dataType":"string"},{"name":"Attachments","dataType":"string"},{"name":"Edit","dataType":"string"},{"name":"Type","dataType":"string"},{"name":"Item Child Count","dataType":"string"},{"name":"Folder Child Count","dataType":"string"},{"name":"Label setting","dataType":"string"},{"name":"Retention label","dataType":"string"},{"name":"Retention label Applied","dataType":"string"},{"name":"Label applied by","dataType":"string"},{"name":"App Created By","dataType":"string"},{"name":"App Modified By","dataType":"string"},{"name":"Compliance Asset Id","dataType":"string"},{"name":"Item is a Record","dataType":"string"}]}]}