{"name":"KPIs by Pillar","description":"The TriFocus list resulted from this dataflow will be further used in creating the Redcube dataset for cyber Exposure Dashboard, by running a separate MDX query for each TriFocus in this list, thus simulating the FOR loop from Qlik version of the dashboard.","version":"1.0","culture":"en-US","modifiedTime":"2023-10-04T08:35:09.5292576+00:00","ppdf:outputFileFormat":"Csv","pbi:mashup":{"fastCombine":false,"allowNativeQueries":false,"queriesMetadata":{"SP_Url":{"queryId":"eab2697d-cab3-447b-b113-58c85eb2d2c3","queryName":"SP_Url","queryGroupId":"0e6ca637-18bd-4a97-b0ea-d00d6432164c"},"SP_Folder":{"queryId":"c2fcf474-562d-4c55-b6ff-2a502f4d2cd9","queryName":"SP_Folder","queryGroupId":"0e6ca637-18bd-4a97-b0ea-d00d6432164c"},"KPIs by Pillar":{"queryId":"7cbff36a-25ad-499f-80b2-40b8f373b3d0","queryName":"KPIs by Pillar","loadEnabled":true}},"document":"section Section1;\r\nshared SP_Url = let\n  SP_Url = \"https://beazley.sharepoint.com/sites/ExecreportingKPIDashboard\" meta [IsParameterQuery = true, IsParameterQueryRequired = true, Type = type text]\nin\n  SP_Url;\r\nshared SP_Folder = let\n  SP_Folder = \"https://beazley.sharepoint.com/:f:/r/sites/ExecreportingKPIDashboard/Shared%20Documents/Pillar%20Data/Development/Supporting%20Files?csf=1&web=1&e=cXGdqN\" meta [IsParameterQuery = true, IsParameterQueryRequired = true, Type = type text]\nin\n  SP_Folder;\r\nshared #\"KPIs by Pillar\" = let\n  Site = Text.Replace(SP_Url, \"https://beazley.sharepoint.com\", \"\"),\n  SiteApi = SP_Url & \"/_api/Web\",\n  FolderRelativePath = Text.Replace(SP_Folder, \"https://beazley.sharepoint.com/:f:/r\" & Site & \"/\", \"\"),\n  FolderPath = if Text.PositionOf(FolderRelativePath, \"?\") > 0 then Text.Range(FolderRelativePath, 0, Text.PositionOf(FolderRelativePath, \"?\")) else FolderRelativePath,\n  Source = Web.Contents(\n            SiteApi,\n            [\n                RelativePath = \"GetFolderByServerRelativeUrl('\" & Site & \"/\" & FolderPath & \"')/files\",\n                Headers=[\n                    \n                    Accept = \"application/json\"\n                ]\n            ]\n        ),\n  data = Json.Document(Source),\n  value = data[value],\n  #\"Converted to Table\" = Table.FromList(value, Splitter.SplitByNothing(), null, null, ExtraValues.Error),\n  #\"Expanded Column\" = Table.ExpandRecordColumn(#\"Converted to Table\", \"Column1\", {\"Name\", \"ServerRelativeUrl\"}, {\"FileName\", \"ServerRelativeUrl\"}),\n  #\"Changed column type\" = Table.TransformColumnTypes(#\"Expanded Column\", {{\"ServerRelativeUrl\", type text}}),\r\n  #\"Filtered rows\" = Table.SelectRows(#\"Changed column type\", each ([FileName] = \"KPIs by Pillar.xlsx\")),\n  AddFiles = Table.AddColumn(#\"Filtered rows\", \"Files\", each Table.PromoteHeaders(Excel.Workbook(\n            Web.Contents(\n                SiteApi,\n                [\n                    RelativePath = \"GetFileByServerRelativeUrl('\"& [ServerRelativeUrl] & \"')/$value\",\n                    Headers=[\n                        Accept = \"application/json\"\n                    ]\n                ]\n            )\n        ){[Item = \"KPIs by Pillar\", Kind=\"Sheet\"]}[Data],[PromoteAllScalars=true])),\r\n  #\"Expanded Files\" = Table.ExpandTableColumn(AddFiles, \"Files\", {\"Pillar\", \"KPI\", \"In Progress\"}, {\"Pillar\", \"KPI\", \"In Progress\"}),\r\n  #\"Removed other columns\" = Table.SelectColumns(#\"Expanded Files\", {\"Pillar\", \"KPI\", \"In Progress\"}),\r\n  #\"Trimmed text\" = Table.TransformColumns(#\"Removed other columns\", {{\"Pillar\", each Text.Trim(Text.From(_)), type nullable text}, {\"KPI\", each Text.Trim(Text.From(_)), type nullable text}, {\"In Progress\", each Text.Trim(Text.From(_)), type nullable text}}),\r\n  #\"Removed duplicates\" = Table.Distinct(#\"Trimmed text\"),\r\n  #\"Sorted rows\" = Table.Sort(#\"Removed duplicates\", {{\"Pillar\", Order.Ascending}, {\"KPI\", Order.Ascending}})\nin\n  #\"Sorted rows\";\r\n","connectionOverrides":[{"path":"https://beazley.sharepoint.com/sites/PowerBiLibrary/_api/Web","kind":"Web","provider":"CdsA","authenticationKind":null,"environmentName":null,"apiName":null,"connectionName":"{\"kind\":\"Web\",\"path\":\"https://beazley.sharepoint.com/sites/PowerBiLibrary/_api/Web\"}","audience":null},{"path":"https://beazley.sharepoint.com/sites/ExecreportingKPIDashboard/_api/Web","kind":"Web","provider":"CdsA","authenticationKind":null,"environmentName":null,"apiName":null,"connectionName":"{\"kind\":\"Web\",\"path\":\"https://beazley.sharepoint.com/sites/ExecreportingKPIDashboard/_api/Web\"}","audience":null}]},"annotations":[{"name":"pbi:QueryGroups","value":"[{\"id\":\"0e6ca637-18bd-4a97-b0ea-d00d6432164c\",\"name\":\"Parameters\",\"description\":\"\",\"parentId\":null,\"order\":1}]"}],"entities":[{"$type":"LocalEntity","name":"KPIs by Pillar","description":"","pbi:refreshPolicy":{"$type":"FullRefreshPolicy","location":"KPIs%20by%20Pillar.csv"},"attributes":[{"name":"Pillar","dataType":"string"},{"name":"KPI","dataType":"string"},{"name":"In Progress","dataType":"string"}],"partitions":[{"name":"FullRefreshPolicyPartition","refreshTime":"2023-10-10T11:42:45.9181233+00:00","location":"https://wabinoeucdsa.blob.core.windows.net:443/9281f04d-c543-4531-8cd3-2e3a24936b0d/KPIs%20by%20Pillar.csv?snapshot=2023-10-10T11%3A42%3A45.9135572Z"}]}]}