{"name":"SharePoint List","description":"","version":"1.0","culture":"en-US","modifiedTime":"2024-03-06T09:23:35.3967025+00:00","ppdf:outputFileFormat":"csv","pbi:mashup":{"fastCombine":false,"allowNativeQueries":false,"skipAutomaticHeaderAndTypeDetection":false,"queriesMetadata":{"SharePoint List":{"queryId":"daebe52a-8489-4cff-b004-028235910815","queryName":"SharePoint List","loadEnabled":true},"SP_Url":{"queryId":"33d5f941-e21a-4016-8c48-8da76bc1dbb7","queryName":"SP_Url","queryGroupId":"d7f8e631-71cd-42d5-90a0-da59ee74d1db"}},"document":"section Section1;\r\nshared #\"SharePoint List\" = let\r\n  Source = SharePoint.Tables(SP_Url, [Implementation = \"2.0\"]),\r\n  Navigation = Source{[Id = \"69aa8d83-ea97-44e7-8026-087b996a9b71\"]}[Items],\r\n  #\"Changed column type\" = Table.TransformColumnTypes(Navigation, {{\"Title\", type text}, {\"Question\", type text}, {\"Answer\", type text}}),\r\n  #\"Transform columns\" = Table.TransformColumnTypes(#\"Changed column type\", {{\"Content Type\", type text}, {\"Created By\", type text}, {\"Modified By\", type text}, {\"Edit\", type text}, {\"Type\", type text}, {\"Item Child Count\", type text}, {\"Folder Child Count\", type text}, {\"Label setting\", type text}, {\"Retention label\", type text}, {\"Retention label Applied\", type text}, {\"Label applied by\", type text}, {\"Item is a Record\", type text}, {\"App Created By\", type text}, {\"App Modified By\", type text}}),\r\n  #\"Replace errors\" = Table.ReplaceErrorValues(#\"Transform columns\", {{\"Content Type\", null}, {\"Created By\", null}, {\"Modified By\", null}, {\"Edit\", null}, {\"Type\", null}, {\"Item Child Count\", null}, {\"Folder Child Count\", null}, {\"Label setting\", null}, {\"Retention label\", null}, {\"Retention label Applied\", null}, {\"Label applied by\", null}, {\"Item is a Record\", null}, {\"App Created By\", null}, {\"App Modified By\", null}})\r\nin\r\n  #\"Replace errors\";\r\nshared SP_Url = let\r\n  SP_Url = \"https://beazley.sharepoint.com/sites/PowerBICoE\" meta [IsParameterQuery = true, IsParameterQueryRequired = true, Type = type text]\r\nin\r\n  SP_Url;\r\n","connectionOverrides":[{"path":"https://beazley.sharepoint.com/sites/SolidOpsPBI-DEV2","kind":"SharePoint","provider":"CdsA","authenticationKind":null,"environmentName":null,"apiName":null,"connectionName":"fae39e1a-ceb4-4634-a308-782ac3a25032","audience":null},{"path":"https://beazley.sharepoint.com/sites/PowerBICoE/","kind":"SharePoint","provider":"CdsA","authenticationKind":null,"environmentName":null,"apiName":null,"connectionName":"{\"kind\":\"SharePoint\",\"path\":\"https://beazley.sharepoint.com/sites/PowerBICoE/\"}","audience":null},{"path":"https://beazley.sharepoint.com/sites/PowerBICoE","kind":"SharePoint","provider":"CdsA","authenticationKind":null,"environmentName":null,"apiName":null,"connectionName":"{\"kind\":\"SharePoint\",\"path\":\"https://beazley.sharepoint.com/sites/PowerBICoE\"}","audience":null}]},"annotations":[{"name":"pbi:QueryGroups","value":"[{\"id\":\"d7f8e631-71cd-42d5-90a0-da59ee74d1db\",\"name\":\"Parameters\",\"description\":\"\",\"parentId\":null,\"order\":0}]"}],"entities":[{"$type":"LocalEntity","name":"SharePoint List","description":"","pbi:refreshPolicy":{"$type":"FullRefreshPolicy","location":"SharePoint%20List.csv"},"attributes":[{"name":"Title","dataType":"string"},{"name":"Question","dataType":"string"},{"name":"Answer","dataType":"string"},{"name":"Color Tag","dataType":"string"},{"name":"Compliance Asset Id","dataType":"string"},{"name":"ID","dataType":"int64"},{"name":"Content Type","dataType":"string"},{"name":"Modified","dataType":"dateTime"},{"name":"Created","dataType":"dateTime"},{"name":"Created By","dataType":"string"},{"name":"Modified By","dataType":"string"},{"name":"Version","dataType":"string"},{"name":"Attachments","dataType":"string"},{"name":"Edit","dataType":"string"},{"name":"Type","dataType":"string"},{"name":"Item Child Count","dataType":"string"},{"name":"Folder Child Count","dataType":"string"},{"name":"Label setting","dataType":"string"},{"name":"Retention label","dataType":"string"},{"name":"Retention label Applied","dataType":"string"},{"name":"Label applied by","dataType":"string"},{"name":"Item is a Record","dataType":"string"},{"name":"App Created By","dataType":"string"},{"name":"App Modified By","dataType":"string"}],"partitions":[{"name":"Part001","refreshTime":"2024-03-06T09:24:09.3718063+00:00","location":"https://wabinoeucdsap1.blob.core.windows.net:443/4463eeae-feef-47f0-88d0-e7666b9f5643/SharePoint%2520List.csv?snapshot=2024-03-06T09%3A24%3A09.3709243Z"}]}]}