{"name":"SharePoint List","description":"","version":"1.0","culture":"en-US","modifiedTime":"2023-11-13T15:53:43.4310548+00:00","ppdf:outputFileFormat":"csv","pbi:mashup":{"fastCombine":false,"allowNativeQueries":false,"skipAutomaticHeaderAndTypeDetection":false,"queriesMetadata":{"SharePoint List":{"queryId":"daebe52a-8489-4cff-b004-028235910815","queryName":"SharePoint List","loadEnabled":true},"SP_Url":{"queryId":"33d5f941-e21a-4016-8c48-8da76bc1dbb7","queryName":"SP_Url","queryGroupId":"d7f8e631-71cd-42d5-90a0-da59ee74d1db"},"SP_List":{"queryId":"eb715be7-fb93-4968-86c0-4fd3c60d65ae","queryName":"SP_List","queryGroupId":"d7f8e631-71cd-42d5-90a0-da59ee74d1db"}},"document":"section Section1;\r\nshared #\"SharePoint List\" = let\r\n  ListParts = List.RemoveItems(Text.Split(SP_List, \"/\"), {\"\"}),\r\n  SP_Title = Text.Replace(ListParts{List.Count(ListParts) - 2}, \"%20\", \" \"),\r\n  Source = SharePoint.Tables(SP_Url, [Implementation = \"2.0\", ViewMode = \"All\"]),\r\n  #\"Transform columns\" = Table.TransformColumnTypes(Source, {{\"odata.type\", type text}, {\"odata.id\", type text}, {\"odata.etag\", type text}, {\"odata.editLink\", type text}, {\"Items@odata.navigationLinkUrl\", type text}, {\"Id\", type text}, {\"Title\", type text}, {\"Items\", type text}, {\"IsLeaf\", type text}, {\"ItemKind\", type text}, {\"ItemName\", type text}}),\r\n  #\"Replace errors\" = Table.ReplaceErrorValues(#\"Transform columns\", {{\"odata.type\", null}, {\"odata.id\", null}, {\"odata.etag\", null}, {\"odata.editLink\", null}, {\"Items@odata.navigationLinkUrl\", null}, {\"Id\", null}, {\"Title\", null}, {\"Items\", null}, {\"IsLeaf\", null}, {\"ItemKind\", null}, {\"ItemName\", null}})\r\nin\r\n  #\"Replace errors\";\r\nshared SP_Url = let\r\n  SP_Url = \"https://beazley.sharepoint.com/sites/PowerBICoE/\" meta [IsParameterQuery = true, IsParameterQueryRequired = true, Type = type text]\r\nin\r\n  SP_Url;\r\nshared SP_List = let\r\n  SP_List = \"https://beazley.sharepoint.com/sites/PowerBICoE/Shared%20Documents/Forms/AllItems.aspx\" meta [IsParameterQuery = true, IsParameterQueryRequired = true, Type = type text]\r\nin\r\n  SP_List;\r\n","connectionOverrides":[{"path":"https://beazley.sharepoint.com/sites/SolidOpsPBI-DEV2","kind":"SharePoint","provider":"CdsA","authenticationKind":null,"environmentName":null,"apiName":null,"connectionName":"fae39e1a-ceb4-4634-a308-782ac3a25032","audience":null},{"path":"https://beazley.sharepoint.com/sites/PowerBICoE/","kind":"SharePoint","provider":"CdsA","authenticationKind":null,"environmentName":null,"apiName":null,"connectionName":"{\"kind\":\"SharePoint\",\"path\":\"https://beazley.sharepoint.com/sites/PowerBICoE/\"}","audience":null}]},"annotations":[{"name":"pbi:QueryGroups","value":"[{\"id\":\"d7f8e631-71cd-42d5-90a0-da59ee74d1db\",\"name\":\"Parameters\",\"description\":\"\",\"parentId\":null,\"order\":0}]"}],"entities":[{"$type":"LocalEntity","name":"SharePoint List","description":"","pbi:refreshPolicy":{"$type":"FullRefreshPolicy","location":"SharePoint%20List.csv"},"attributes":[{"name":"odata.type","dataType":"string"},{"name":"odata.id","dataType":"string"},{"name":"odata.etag","dataType":"string"},{"name":"odata.editLink","dataType":"string"},{"name":"Items@odata.navigationLinkUrl","dataType":"string"},{"name":"Id","dataType":"string"},{"name":"Title","dataType":"string"},{"name":"Items","dataType":"string"},{"name":"IsLeaf","dataType":"string"},{"name":"ItemKind","dataType":"string"},{"name":"ItemName","dataType":"string"}],"partitions":[{"name":"Part001","refreshTime":"2023-11-13T15:55:04.3040083+00:00","location":"https://wabinoeucdsap1.blob.core.windows.net:443/4463eeae-feef-47f0-88d0-e7666b9f5643/SharePoint%2520List.csv?snapshot=2023-11-13T15%3A55%3A04.3102461Z"}]}]}