{
    "dataflowsFolder": "Dataflows",
    "dataflows": 
    [
        {
            "name": "Hello World",
            "fileName": "hello-world.json",
            "refreshSchedule": {
                "value": {
                    "enabled": true,
                    "days": [
                        "Thursday"
                    ],
                    "times": [
                        "17:30"
                    ],
                    "localTimeZoneId": "UTC",
                    "notifyOption": "NoNotification"
                }
            },
            "parameters": 
            {   
                "Server": "#{pbi.parameters.Server}",
                "Database": "#{pbi.parameters.Database}"
            }
        }
    ]
}