{
  "reportsFolder": "Reports",
  "reports": 
  [
      {
          "name": "PowerbI CoE Report",
          "fileName": "On-Premise SQL Example.pbix",
          "reportSuffix": "#{pbi.report.suffix}",
          "refreshSchedule": {
              "value": {
                  "enabled": true,
                  "days": [
                      "Thursday"
                  ],
                  "times": [
                      "16:00"
                  ],
                  "localTimeZoneId": "UTC",
                  "notifyOption": "NoNotification"
              }
          },
          "parameters": 
          {   
              "serverName_TechnicalHub": "UKDVDB166.bfl.local",
              "IsDev(TRUE/FALSE)": "FALSE",
              "Server_IFRS17DataMart": "#{pbi.parameters.Server}",
              "Database_IFRS17DataMart": "#{pbi.parameters.Database}",
              "WorkspaceName": "#{pbi.parameters.Workspace}"
          }
      }
  ]
}