{
    "reportsFolder": "Reports",
    "reports": 
    [
        {
            "name": "Rec_to_Source_Data",
            "fileName": "Rec_to_Source_Data.pbix",
            "reportSuffix": "#{pbi.report.suffix}",
            "refreshSchedule": {
                "value": {
                    "enabled": false
                }
            },
            "parameters": 
            {   
                "Server_IFRS17_R2S_DataMart": "#{pbi.parameters.Server_IFRS17-R2S}",
                "Database_IFRS17_R2S_DataMart": "#{pbi.parameters.Database_IFRS17-R2S}",
                "WorkspaceName": "#{pbi.workspace}"
            }
        }
    ]
}