{
    "permissions": [
      {
        "user": "sec.powerbi.wks.IFRS17.admin",
        "accessRight": "Admin",
        "principalType": "Group"
      },
      {
        "user": "sec.powerbi.team.IFRS17.contributor",
        "accessRight": "Contributor",
        "principalType": "Group"
      },
      {
        "user": "sec.powerbi.team.IFRS17.member",
        "accessRight": "Member",
        "principalType": "Group"
      },
      {
        "user": "sec.powerbi.team.IFRS17.viewer",
        "accessRight": "Viewer",
        "principalType": "Group"
      }
    ]
  }
  