﻿<?xml version="1.0" encoding="utf-8"?>
<Project ToolsVersion="15.0" xmlns="http://schemas.microsoft.com/developer/msbuild/2003">
  <PropertyGroup>
    <IncludeCompositeObjects>True</IncludeCompositeObjects>
    <TargetDatabaseName>IFRS17PsicleData.DB</TargetDatabaseName>
    <DeployScriptFileName>IFRS17PsicleData.DB.sql</DeployScriptFileName>
    <TargetConnectionString>Data Source=localhost\DEV;Integrated Security=True;Persist Security Info=False;Pooling=False;MultipleActiveResultSets=False;Connect Timeout=300;Encrypt=False;TrustServerCertificate=True</TargetConnectionString>
    <ProfileVersionNumber>1</ProfileVersionNumber>
    <BlockOnPossibleDataLoss>True</BlockOnPossibleDataLoss>
    <DropObjectsNotInSource>True</DropObjectsNotInSource>
    <DoNotDropLogins>False</DoNotDropLogins>
    <DoNotDropLinkedServers>False</DoNotDropLinkedServers>
    <DoNotDropLinkedServerLogins>False</DoNotDropLinkedServerLogins>
    <DoNotDropFullTextStoplists>False</DoNotDropFullTextStoplists>
    <DoNotDropFullTextCatalogs>False</DoNotDropFullTextCatalogs>
    <DoNotDropFilegroups>False</DoNotDropFilegroups>
    <ExcludeUsers>True</ExcludeUsers>
    <IgnorePermissions>True</IgnorePermissions>
    <IgnoreRoleMembership>True</IgnoreRoleMembership>
    <ExcludeDatabaseRoles>False</ExcludeDatabaseRoles>
    <ScriptDatabaseCompatibility>True</ScriptDatabaseCompatibility>
    <ScriptDatabaseCollation>True</ScriptDatabaseCollation>
    <IgnoreWhitespace>False</IgnoreWhitespace>
    <ExcludeCredentials>True</ExcludeCredentials>
    <ExcludeLinkedServers>True</ExcludeLinkedServers>
    <ExcludeLogins>True</ExcludeLogins>
    <ScriptDatabaseOptions>False</ScriptDatabaseOptions>
    <DropStatisticsNotInSource>False</DropStatisticsNotInSource>
    <IncludeTransactionalScripts>True</IncludeTransactionalScripts>
  </PropertyGroup>
</Project>