{
    "reportsFolder": "Reports",
    "reports": 
    [
        {
            "name": "IFRS17-Datachecks",
            "fileName": "IFRS17-Datachecks.pbix",
            "reportSuffix": "#{pbi.report.suffix}",
            "refreshSchedule": {
                "value": {
                    "enabled": true,
                    "days": [
                        "Sunday",
                        "Monday",
                        "Tuesday",
                        "Wednesday",
                        "Thursday",
                        "Friday",
                        "Saturday"
                    ],
                    "times": [
                        "08:30"
                    ],
                    "localTimeZoneId": "UTC"
                }
            },
            "parameters": 
            {   
                "Server_IFRS17_DataChecks": "#{pbi.parameters.Server_IFRS17_DataChecks.FQDN}",
                "Database_IFRS17_DataChecks": "#{pbi.parameters.Database_IFRS17_DataChecks}",
                "IsDev": "FALSE",
                "WorkspaceName": "#{pbi.workspace}"

            }
            
        }
        
    ]
}