{
    "reportsFolder": "Reports",
    "reports": 
    [
        {
            "name": "GAAP to Box 4 Reconciliation",
            "fileName": "GAAP to Box 4 Reconciliation.pbix",
            "reportSuffix": "#{pbi.report.suffix}",
            "refreshSchedule": {
                "value": {
                    "enabled": false
                }
            },
            "datasources": 
            {   
                "IFRS17-Canonical-data": 
                {
                    "workspaceName": "#{pbi.workspace}",
                    "datasourceType": "PBI"
                }
            }
        }
    ]
}