{
    "reportsFolder": "Reports",
    "reports": 
    [
        {
            "name": "IFRS17-PremiumValidation",
            "fileName": "Premium Validation Dashboard.pbix",
            "reportSuffix": "#{pbi.report.suffix}",
            "refreshSchedule": {
                "value": {
                    "enabled": true,
                    "days": [
                        "Sunday",
                        "Monday",
                        "Tuesday",
                        "Wednesday",
                        "Thursday",
                        "Friday",
                        "Saturday"
                    ],
                    "times": [
                        "08:30"
                    ],
                    "localTimeZoneId": "UTC"
                }
            },
            "parameters": 
            {   
                "Server_TechnicalHub": "#{pbi.parameters.Server_TechnicalHub.FQDN}",
                "DB_TechnicalHub": "#{pbi.parameters.DB_TechnicalHub}",
                "DB_FinanceLanding": "#{pbi.parameters.DB_FinanceLanding}",
                "DB_FinanceDataContract": "#{pbi.parameters.DB_FinanceDataContract}",
                "Server_EuroBaseCDS": "#{pbi.parameters.Server_EuroBaseCDS.FQDN}",
                "DB_EuroBaseCDS": "#{pbi.parameters.DB_EuroBaseCDS}",
                "IsDev": "FALSE",
                "WorkspaceName": "#{pbi.workspace}"
            }
        }
    ]
}