﻿{
  "name": "Beazley Power BI Theme",
  "dataColors": [
    "#CF118C",
    "#4B92DB",
    "#42145F",
    "#0B31A5",
    "#E1AAD7",
    "#A8C5EB",
    "#00B0CA",
    "#B2CA00",
    "#3599B8",
    "#DFBFBF",
    "#4AC5BB",
    "#5F6B6D",
    "#FB8281",
    "#F4D25A",
    "#7F898A",
    "#A4DDEE",
    "#FDAB89",
    "#B687AC",
    "#28738A",
    "#A78F8F",
    "#168980",
    "#293537",
    "#BB4A4A",
    "#B59525",
    "#475052",
    "#6A9FB0",
    "#BD7150",
    "#7B4F71",
    "#1B4D5C",
    "#706060",
    "#0F5C55",
    "#1C2325"
  ],
  "bad": "#FF0000",
  "neutral": "#FF7A00",
  "good": "#00FF00",
  "minimum": "#32C8FF",
  "center": "#C832FF",
  "maximum": "#3232FF",
  "visualStyles": {
    "page": {
      "*": {
        "background": [
          { "color": { "solid": { "color": "#F1EAEA" } }, "transparency": 33 }
        ],
        "outspace": [
          { "color": { "solid": { "color": "#F3F2F1" } }, "transparency": 0 }
        ]
      }
    },
    "textClasses": {
      "label": { "color": "#42145F", "fontFace": "Segoe UI", "fontSize": 12 },
      "callout": { "color": "#42145F", "fontFace": "Segoe UI", "fontSize": 30 },
      "title": {
        "color": "#CF118C",
        "fontFace": "Segoe UI Bold",
        "fontSize": 15
      },
      "header": {
        "color": "#42145F",
        "fontFace": "Segoe UI Bold",
        "fontSize": 15
      }
    },
    "*": {
      "*": {
        "outspacePane": [
          {
            "backgroundColor": { "solid": { "color": "#CF118C" } },
            "transparency": 50,
            "foregroundColor": { "solid": { "color": "#000000" } },
            "headerSize": 12
          }
        ],
        "filterCard": [
          {
            "$id": "Available",
            "foregroundColor": { "solid": { "color": "#000000" } },
            "textSize": 10
          },
          {
            "$id": "Applied",
            "backgroundColor": { "solid": { "color": "#A8C5EB" } },
            "foregroundColor": { "solid": { "color": "#000000" } },
            "textSize": 10,
            "transparency": 0
          }
        ]
      }
    }
  }
}